CountryName,CountryCodeISO3,ITURegionCode,Developed_Countries,UNSD_Region,WBRegion,GCIv4_Tot,Legal,Tech,Org,CapDev,Coop,Legal1,Legal2,Tech1,Tech2,Tech3,Tech4,Org1,Org2,Org3,CapDev1,CapDev2,CapDev3,CapDev4,CapDev5,CapDev6,Coop1,Coop2,Coop3,Coop4,Coop5
Afghanistan,AFG,ASP,Developing,Asia,South Asia,5.203513,0.395304,1.462277,3.345932,0,0,0.860778,0,0.240741,0,0,0,0.174102,0.273306,0,0,0,0,0,0,0,0,0,0,0,0
Albania,ALB,EUR,Developed,Europe,Europe & Central Asia,64.321066,18.128575,13.11504,13.181178,12.119803,7.77647,0.875435,0.932751,0.671379,0,1,1,0.73554,1,0,0.580519,0.799944,0.708929,0,1,0.492857,0.855538,1,0,0,0
Algeria,DZA,ARB,Developing,Africa,Middle East & North Africa,33.949629,12.459765,2.727459,1.441453,10.074038,7.246914,0.624696,0.621538,0.449033,0,0,0,0,0.233532,0,0.767641,0.6875,0.408929,0.683929,0,0.492857,0,1,0.733333,0,0
Andorra,AND,EUR,Developed,Europe,Europe & Central Asia,26.378532,8.368027,4.111111,0,4.412431,9.486964,0.500147,0.348979,0,0,0,1,0,0,0,0.767641,0,0.408929,0,0,0,0.855538,1,0,0.452778,0
Angola,AGO,AFR,Developing,Africa,Sub-Saharan Africa,12.994071,6.697774,0,0,0,6.296296,0.319749,0.347746,0,0,0,0,0,0,0,0,0,0,0,0,0,0,1,0.5,0,0
Antigua and Barbuda,ATG,AMS,Developing,Americas,Latin America & Caribbean,15.615246,11.355987,0,0,0,4.259259,0.825463,0.348979,0,0,0,0,0,0,0,0,0,0,0,0,0,0,1,0,0,0
Argentina,ARG,AMS,Developing,Americas,Latin America & Caribbean,50.119036,12.149253,13.745555,8.289025,4.380957,11.554248,0.804899,0.43979,0.497479,0.833886,0.514815,1,0.505769,0.562128,0,0.540909,0.321429,0.408929,0,0,0,0.855538,1,0,0,1
Armenia,ARM,CIS,Developing,Asia,Europe & Central Asia,50.474146,12.87238,13.856551,4.865939,7.854585,11.024691,0.785218,0.523366,0.316481,0.592605,1,1,0.333621,0.273306,0,0.174946,0.770647,0.408929,0.683929,0,0.492857,0,1,0.733333,1,0
Australia,AUS,ASP,Developed,Oceania,East Asia & Pacific,97.467401,20,19.07989,18.981411,20,19.4061,1,1,0.848519,1,1,1,0.893103,1,1,1,1,1,1,1,1,0.855538,1,1,1,1
Austria,AUT,EUR,Developed,Europe,Europe & Central Asia,93.893127,19.427946,20,17.641193,19.128383,17.695606,0.937717,1,1,1,1,1,0.752453,1,1,1,0.851563,0.85,1,1,1,0.855538,1,1,0.547222,1
Azerbaijan,AZE,CIS,Developing,Asia,Europe & Central Asia,89.309784,20,19.185061,13.136846,16.987877,20,1,1,1,0.833308,1,1,0.279741,1,1,0.767641,0.919085,0.704464,0.683929,1,1,1,1,1,1,1
Bahamas,BHS,AMS,Developing,Americas,Latin America & Caribbean,13.366881,12.850195,0,0,0.516686,0,0.805044,0.504477,0,0,0,0,0,0,0,0,0.183036,0,0,0,0,0,0,0,0,0
Bahrain,BHR,ARB,Developing,Asia,Middle East & North Africa,77.859513,20,12.121213,15.110275,16.769382,13.858642,1,1,0.507761,0,1,1,0.642023,1,0.656034,0.654275,0.678571,0.704464,1,1,1,1,1,0,0.452778,1
Bangladesh,BGD,ASP,Developing,Asia,South Asia,81.270366,14.859458,16.770029,16.392104,17.026551,16.222222,1,0.524693,0.870676,0.5,1,1,0.753732,0.79566,1,0.767641,0.928013,0.708929,0.683929,1,1,1,1,1,0,1
Barbados,BRB,AMS,Developing,Americas,Latin America & Caribbean,16.89402,12.634761,0,0,0,4.259259,0.722935,0.554289,0,0,0,0,0,0,0,0,0,0,0,0,0,0,1,0,0,0
Belarus,BLR,CIS,Developed,Europe,Europe & Central Asia,50.566838,10.361739,9.500361,8.308037,7.884972,14.511728,0.271571,0.727441,0.554492,0.833886,0,0.5,0.390151,0.506837,0.340086,0.767641,0.523438,0.704464,0.375,0,0,1,1,1,0.547222,0
Belgium,BEL,EUR,Developed,Europe,Europe & Central Asia,96.254221,20,20,16.254221,20,20,1,1,1,1,1,1,0.606897,1,1,1,1,1,1,1,1,1,1,1,1,1
Belize,BLZ,AMS,Developing,Americas,Latin America & Caribbean,10.29011,5.766262,0,3.008507,1.515341,0,0.534803,0.078982,0,0,0,0,0.31573,0,0,0.365963,0,0,0,0,0,0,0,0,0,0
Benin,BEN,AFR,Developing,Africa,Sub-Saharan Africa,80.06413,17.415904,13.936491,19.479958,13.603455,15.628322,1,0.761068,0.946416,0.833886,0,1,0.945424,1,1,0.592695,0.916853,0.708929,0.375,1,0.492857,0.855538,1,1,0,1
Bhutan,BTN,ASP,Developing,Asia,South Asia,18.342997,8.301477,4.117664,3.469689,2.454167,0,0.492901,0.348979,0.677908,0,0,0,0,0.562128,0,0.592695,0,0,0,0,0,0,0,0,0,0
Bolivia,BOL,AMS,Developing,Americas,Latin America & Caribbean,16.138068,5.126554,2.17571,0,4.576544,4.259259,0.2234,0.284291,0.358196,0,0,0,0,0,0,0.226732,0.851563,0.408929,0,0,0,0,1,0,0,0
Bosnia and Herzegovina,BIH,EUR,Developed,Europe,Europe & Central Asia,29.443872,10.414294,6.562008,1.018589,3.115647,8.333333,0.722935,0.348979,0.403501,0,0,1,0.106897,0,0,0.174946,0.847098,0,0,0,0,0,1,1,0,0
Botswana,BWA,AFR,Developing,Africa,Sub-Saharan Africa,53.056085,16.444498,4.954864,14.162519,13.234946,4.259259,0.875435,0.777037,0.477325,0,0,0.5,0.838527,1,0,0.365963,0.770647,0.408929,1,1,0.507143,0,1,0,0,0
Brazil,BRA,AMS,Developing,Americas,Latin America & Caribbean,96.597981,20,18.727833,18.981411,19.482637,19.4061,1,1,0.924259,0.833886,1,1,0.893103,1,1,0.875054,1,1,1,1,1,0.855538,1,1,1,1
Brunei Darussalam,BRN,ASP,Developing,Asia,East Asia & Pacific,56.072513,14.063465,14.191001,10.844812,12.850395,4.12284,0.785218,0.633497,0.848519,0,1,1,0.556531,0.89783,0,0.875054,0.530134,1,0.375,1,0,0.5,0,0,0.547222,0
Bulgaria,BGR,EUR,Developed,Europe,Europe & Central Asia,67.382381,17.336707,7.840209,13.715296,14.923267,13.566902,0.710033,1,0.613937,0,0,1,0.73554,0.390071,1,0.767641,0.770647,1,1,1,0,0.605538,1,1,0.726389,0
Burkina Faso,BFA,AFR,Developing,Africa,Sub-Saharan Africa,39.983238,9.472934,10.250525,8.749137,3.473605,8.037037,0.541257,0.416228,0.538196,0,1,0.5,0.402781,0.79566,0,0.540909,0,0.408929,0,0,0,0,1,0,0,1
Burundi,BDI,AFR,Developing,Africa,Sub-Saharan Africa,1.727958,1.727958,0,0,0,0,0.188132,0,0,0,0,0,0,0,0,0,0,0,0,0,0,0,0,0,0,0
Cabo Verde,CPV,AFR,Developing,Africa,Sub-Saharan Africa,17.740108,3.773045,0,5.004908,1.958264,7.003892,0.410792,0,0,0,0,0,0.348205,0.273306,0,0.174946,0,0.408929,0,0,0,0.667613,1,0,0,0
Cambodia,KHM,ASP,Developing,Asia,East Asia & Pacific,19.115876,7.37571,2.501181,1.686955,3.292771,4.259259,0.710033,0.078982,0.41178,0,0,0,0,0.273306,0,0.767641,0.040458,0,0,0,0,0,1,0,0,0
Cameroon,CMR,AFR,Developing,Africa,Sub-Saharan Africa,45.62664,9.837394,8.543582,5.670585,9.945449,11.62963,0.494376,0.489741,0.598639,0.5,0.5,0,0.113362,0.506837,0.340086,0.771347,0.756138,0,0.375,0.5,0.492857,0,0,1,1,1
Canada,CAN,AMS,Developed,Americas,North America,97.673878,20,18.267778,20,20,19.4061,1,1,0.848519,0.833886,1,1,1,1,1,1,1,1,1,1,1,0.855538,1,1,1,1
Central African Republic,CAF,AFR,Developing,Africa,Sub-Saharan Africa,3.243382,3.243382,0,0,0,0,0.353125,0,0,0,0,0,0,0,0,0,0,0,0,0,0,0,0,0,0,0
Chad,TCD,AFR,Developing,Africa,Sub-Saharan Africa,40.44058,13.433031,0.731139,6.496527,7.668772,12.111111,0.564911,0.762301,0.12037,0,0,0,0.166379,0.79566,0,0.365963,0.514509,0.408929,0,0,1,0,1,1,0,1
Chile,CHL,AMS,Developing,Americas,Latin America & Caribbean,68.827354,17.198463,9.387288,15.841883,11.067695,15.332025,0.86073,0.859238,0.734492,0,1,0,0.838527,0.79566,0.684052,0.767641,0.446987,1,0,1,0,0.855538,1,0,1,1
China,CHN,ASP,Developing,Asia,East Asia & Pacific,92.533985,20,17.942307,16.634588,19.04351,18.91358,1,1,0.794935,0.833886,1,1,0.646814,1,1,0.875054,1,0.854464,1,1,1,1,1,0.733333,1,1
Colombia,COL,AMS,Developing,Americas,Latin America & Caribbean,63.724676,9.136679,17.575176,6.665876,14.421019,15.925926,0.487042,0.43118,0.734492,0.833886,1,1,0.390151,0.477646,0,0.946293,0.446987,0.408929,0.316071,1,1,1,1,0,1,1
Comoros,COM,ARB,Developing,Africa,Sub-Saharan Africa,3.723992,0,0,1.686955,0,2.037037,0,0,0,0,0,0,0,0.273306,0,0,0,0,0,0,0,0,0,0.5,0,0
Congo,COG,AFR,Developing,Africa,Sub-Saharan Africa,14.717672,6.662915,0,0,3.795498,4.259259,0,0.61607,0,0,0,0,0,0,0,0.767641,0,0.204464,0,0,0,0,1,0,0,0
Costa Rica,CRI,AMS,Developing,Americas,Latin America & Caribbean,67.452233,17.617917,9.138965,12.664325,12.1051,15.925926,0.92375,0.844502,0.355195,0,1,0.5,0.52787,1,0.340086,0.767641,0.721261,0.504464,0,1,0.507143,1,1,0,1,1
Cote d'Ivoire,CIV,AFR,Developing,Africa,Sub-Saharan Africa,67.823236,17.95343,14.651056,12.13874,11.525761,11.554248,1,0.810769,0.924259,0,1,1,0.472712,1,0.340086,0.767641,0.919085,0.408929,0.308929,1,0,0.855538,1,0,0,1
Croatia,HRV,EUR,Developed,Europe,Europe & Central Asia,92.525868,20,19.539945,14.804322,19.892094,18.289506,1,1,0.924259,1,1,1,0.752453,1,0.340086,1,0.961775,1,1,1,1,1,1,1,0.547222,1
Cuba,CUB,AMS,Developing,Americas,Latin America & Caribbean,58.75716,14.846145,10.866446,13.910612,10.521538,8.612419,0.438871,1,0.301183,0,1,1,0.648489,0.79566,0.656034,0.767641,0.530134,0.704464,0.683929,0,0.492857,0.644462,0,1,0,0.5
Cyprus,CYP,EUR,Developed,Asia,Europe & Central Asia,88.818893,20,18.727833,18.414616,13.732,17.944444,1,1,0.924259,0.833886,1,1,0.833621,1,1,0.767641,1,1,0.375,1,0,0.5,1,1,1,1
Czech Republic,CZE,EUR,Developed,Europe,Europe & Central Asia,74.373017,18.889502,19.004322,14.197814,9.142491,13.138889,0.958281,0.932751,0.969779,0.833886,1,1,0.828153,0.562128,0.659914,0.469481,0.768415,1,0.683929,0,0,0.25,1,1,0,1
Democratic People's Republic of Korea,PRK,ASP,Developing,Asia,East Asia & Pacific,1.347571,1.347571,0,0,0,0,0.146718,0,0,0,0,0,0,0,0,0,0,0,0,0,0,0,0,0,0,0
Democratic Republic of the Congo,COD,AFR,Developing,Africa,Sub-Saharan Africa,5.296651,5.296651,0,0,0,0,0,0.489741,0,0,0,0,0,0,0,0,0,0,0,0,0,0,0,0,0,0
Denmark,DNK,EUR,Developed,Europe,Europe & Central Asia,92.596386,19.299663,18.943786,18.981411,19.482637,15.888889,0.92375,1,0.826111,1,1,1,0.893103,1,1,0.875054,1,1,1,1,1,0,1,1,1,1
Djibouti,DJI,ARB,Developing,Africa,Middle East & North Africa,1.727958,1.727958,0,0,0,0,0.188132,0,0,0,0,0,0,0,0,0,0,0,0,0,0,0,0,0,0,0
Dominica,DMA,AMS,Developing,Americas,Latin America & Caribbean,4.200134,0.854203,0,3.345932,0,0,0,0.078982,0,0,0,0,0.174102,0.273306,0,0,0,0,0,0,0,0,0,0,0,0
Dominican Republic,DOM,AMS,Developing,Americas,Latin America & Caribbean,75.068759,16.378859,18.415762,18.521344,9.93798,11.814815,0.847501,0.79469,1,0.675951,1,1,1,1,0.656034,0.767641,0.678571,0.408929,0,1,0,0,1,0,1,1
Ecuador,ECU,AMS,Developing,Americas,Latin America & Caribbean,26.298061,10.22055,9.548264,0,6.529247,0,0.608656,0.428117,0.704057,0.833886,0.242593,0,0,0,0,0.648323,0.083147,0,0,1,0,0,0,0,0,0
Egypt,EGY,ARB,Developing,Africa,Middle East & North Africa,95.484297,20,17.448971,20,19.121746,18.91358,1,1,0.848519,0.666403,1,1,1,1,1,1,1,0.708929,1,1,1,1,1,0.733333,1,1
El Salvador,SLV,AMS,Developing,Americas,Latin America & Caribbean,13.298677,8.315021,0,0,0.724397,4.259259,0.494376,0.348979,0,0,0,0,0,0,0,0.174946,0,0,0,0,0,0,1,0,0,0
Equatorial Guinea,GNQ,AFR,Developing,Africa,Sub-Saharan Africa,1.460037,1.460037,0,0,0,0,0,0.134999,0,0,0,0,0,0,0,0,0,0,0,0,0,0,0,0,0,0
Eritrea,ERI,AFR,Developing,Africa,Sub-Saharan Africa,1.727958,1.727958,0,0,0,0,0.188132,0,0,0,0,0,0,0,0,0,0,0,0,0,0,0,0,0,0,0
Estonia,EST,EUR,Developed,Europe,Europe & Central Asia,99.482637,20,20,20,19.482637,20,1,1,1,1,1,1,1,1,1,0.875054,1,1,1,1,1,1,1,1,1,1
Eswatini,SWZ,AFR,Developing,Africa,Sub-Saharan Africa,18.230236,4.956058,0,3.485758,3.473605,6.314815,0.5,0.033625,0,0,0,0,0.365815,0,0,0.540909,0,0.408929,0,0,0,0.5,1,0,0,0
Ethiopia,ETH,AFR,Developing,Africa,Sub-Saharan Africa,27.742517,11.561376,4.461362,8.031746,3.688034,0,1,0.219744,0.734492,0,0,0,0.514584,0.506837,0,0.592695,0,0.408929,0,0,0,0,0,0,0,0
Fiji,FJI,ASP,Developing,Oceania,East Asia & Pacific,29.075342,5.986654,4.111111,6.592435,8.311067,4.074074,0.558798,0.078982,0,0,0,1,0.559483,0.20434,0,0,0,0.408929,0,1,1,0,0,1,0,0
Finland,FIN,EUR,Developed,Europe,Europe & Central Asia,95.778027,20,20,17.396027,18.382,20,1,1,1,1,1,1,0.726724,1,1,0.821347,1,0.708929,1,1,1,1,1,1,1,1
France,FRA,EUR,Developed,Europe,Europe & Central Asia,97.601984,20,19.214474,18.981411,20,19.4061,1,1,0.870676,1,1,1,0.893103,1,1,1,1,1,1,1,1,0.855538,1,1,1,1
Gabon,GAB,AFR,Developing,Africa,Sub-Saharan Africa,11.37569,4.23521,0.731139,1.686955,0.463127,4.259259,0.143186,0.269997,0.12037,0,0,0,0,0.273306,0,0,0.164063,0,0,0,0,0,1,0,0,0
Gambia,GMB,AFR,Developing,Africa,Sub-Saharan Africa,32.12214,13.282909,1.462277,8.782228,4.335467,4.259259,0.451774,0.844502,0.240741,0,0,0,0.557528,0.562128,0,0.592695,0.229353,0.408929,0,0,0,0,1,0,0,0
Georgia,GEO,EUR,Developing,Asia,Europe & Central Asia,81.065058,17.752165,17.125463,14.666165,15.892944,15.628322,0.834453,0.932751,0.660454,0.833886,1,1,0.440237,1,1,0.767641,0.847098,0.408929,0.683929,1,1,0.855538,1,1,0,1
Germany,DEU,EUR,Developed,Europe,Europe & Central Asia,97.410093,20,19.539945,18.981411,19.482637,19.4061,1,1,0.924259,1,1,1,0.893103,1,1,0.875054,1,1,1,1,1,0.855538,1,1,1,1
Ghana,GHA,AFR,Developing,Africa,Sub-Saharan Africa,86.687281,19.352146,18.483731,17.782262,15.440821,15.628322,0.929465,1,0.75037,1,1,1,0.838527,1,0.842026,0.767641,1,1,0.375,1,0.492857,0.855538,1,1,0,1
Greece,GRC,EUR,Developed,Europe,Europe & Central Asia,93.982692,19.427946,15.832016,18.981411,19.741319,20,0.937717,1,0.652222,1,1,0.5,0.893103,1,1,0.937527,1,1,1,1,1,1,1,1,1,1
Grenada,GRD,AMS,Developing,Americas,Latin America & Caribbean,9.412872,9.412872,0,0,0,0,0.436381,0.499741,0,0,0,0,0,0,0,0,0,0,0,0,0,0,0,0,0,0
Guatemala,GTM,AMS,Developing,Americas,Latin America & Caribbean,13.12841,4.763636,0,6.007744,2.357029,0,0.425642,0.078982,0,0,0,0,0.453448,0.273306,0,0,0.397879,0.408929,0,0,0,0,0,0,0,0
Guinea,GIN,AFR,Developing,Africa,Sub-Saharan Africa,20.525537,12.542285,0,1.686955,0,6.296296,0.875435,0.416228,0,0,0,0,0,0.273306,0,0,0,0,0,0,0,0,1,0.5,0,0
Guinea-Bissau,GNB,AFR,Developing,Africa,Sub-Saharan Africa,9.848674,0,0,0,1.515341,8.333333,0,0,0,0,0,0,0,0,0,0.365963,0,0,0,0,0,0,1,1,0,0
Guyana,GUY,AMS,Developing,Americas,Latin America & Caribbean,28.109066,13.116236,2.501181,6.474133,2.239738,3.777778,1,0.36351,0.41178,0,0,0,0.164029,0.79566,0,0.540909,0,0,0,0,0,0,0,0,0,1
Haiti,HTI,AMS,Developing,Americas,Latin America & Caribbean,6.402098,0.854203,0,1.46198,4.085916,0,0,0.078982,0,0,0,0,0,0,0.340086,0.767641,0.321429,0,0,0,0,0,0,0,0,0
Honduras,HND,AMS,Developing,Americas,Latin America & Caribbean,2.204569,2.204569,0,0,0,0,0.147022,0.078982,0,0,0,0,0,0,0,0,0,0,0,0,0,0,0,0,0,0
Hungary,HUN,EUR,Developed,Europe,Europe & Central Asia,91.275304,18.155554,16.824488,18.289214,18.599948,19.4061,0.799185,1,0.870676,1,0.514815,1,0.971735,0.766468,1,0.767641,0.844866,1,1,1,1,0.855538,1,1,1,1
Iceland,ISL,EUR,Developed,Europe,Europe & Central Asia,79.806789,17.775168,16.170374,17.619785,11.988993,16.252469,0.75777,1,0.764499,0.509259,1,1,0.893103,0.89783,0.829957,0.88382,0.514509,0.408929,0.691071,1,0,1,1,0.5,0.547222,1
India,IND,ASP,Developing,Asia,South Asia,97.494506,20,19.07989,18.414616,20,20,1,1,0.848519,1,1,1,0.833621,1,1,1,1,1,1,1,1,1,1,1,1,1
Indonesia,IDN,ASP,Developing,Asia,East Asia & Pacific,94.881615,18.479481,19.07989,17.839606,19.482637,20,0.834453,1,0.848519,1,1,1,0.773276,1,1,0.875054,1,1,1,1,1,1,1,1,1,1
Iran,IRN,ASP,Developing,Asia,Middle East & North Africa,81.05808,16.475034,14.629602,16.823887,17.797531,15.332025,0.958281,0.709503,0.652222,0.333597,1,1,0.666681,1,1,1,0.851563,0.408929,1,1,1,0.855538,1,0,1,1
Iraq,IRQ,ARB,Developing,Asia,Middle East & North Africa,20.714663,0,6.560052,7.754134,2.141218,4.259259,0,0,0.269033,0,1,0,0.449634,0.562128,0,0,0.321429,0.408929,0,0,0,0,1,0,0,0
Ireland,IRL,EUR,Developed,Europe,Europe & Central Asia,85.858789,20,19.539945,17.890708,16.317025,12.111111,1,1,0.924259,1,1,1,1,0.89783,0.656034,0.767641,0.6875,1,0.375,1,1,0,1,1,1,0
Israel,ISR,EUR,Developed,Asia,Middle East & North Africa,90.932339,19.676073,16.990879,15.021267,19.24412,20,0.964732,1,0.638297,0.833886,1,1,0.477503,1,1,0.892587,0.889788,1,1,1,1,1,1,1,1,1
Italy,ITA,EUR,Developed,Europe,Europe & Central Asia,96.126911,19.676073,17.562101,20,19.482637,19.4061,0.964732,1,0.598639,1,1,1,1,1,1,0.875054,1,1,1,1,1,0.855538,1,1,1,1
Jamaica,JAM,AMS,Developing,Americas,Latin America & Caribbean,32.527188,11.544859,2.17571,7.866231,6.681129,4.259259,0.846026,0.348979,0.358196,0,0,0,0.648489,0.273306,0,0.592695,0,0.204464,0,1,0,0,1,0,0,0
Japan,JPN,ASP,Developed,Asia,East Asia & Pacific,97.818619,20,19.07989,18.738729,20,20,1,1,0.848519,1,1,1,1,0.79566,1,1,1,1,1,1,1,1,1,1,1,1
Jordan,JOR,ARB,Developing,Asia,Middle East & North Africa,70.955225,18.531964,10.740671,15.701149,11.469711,14.511728,0.840167,1,0.420741,0.833308,0,1,1,1,0,0.351677,0.514509,0.708929,0.375,1,0.492857,1,1,1,0.547222,0
Kazakhstan,KAZ,CIS,Developing,Asia,Europe & Central Asia,93.152994,20,19.539945,18.461369,15.15168,20,1,1,0.924259,1,1,1,0.838527,1,1,0.767641,0.851563,1,1,1,0,1,1,1,1,1
Kenya,KEN,AFR,Developing,Africa,Sub-Saharan Africa,81.695583,20,18.267778,12.749486,14.78943,15.888889,1,1,0.848519,0.833886,1,1,0.579608,0.711177,0.659914,0.767641,0.678571,0.408929,0.470536,1,1,0,1,1,1,1
Kiribati,KIR,ASP,Developing,Oceania,East Asia & Pacific,13.842499,6.640017,0,3.128408,0,4.074074,0.722935,0,0,0,0,0,0,0.506837,0,0,0,0,0,0,0,0,0,1,0,0
Kuwait,KWT,ARB,Developing,Asia,Middle East & North Africa,75.051263,17.735809,14.247779,11.125694,16.046301,15.895679,0.929465,0.85055,0.652222,0.675951,1,0.5,0.366397,1,0.340086,0.875054,0.851563,0,1,1,1,1,1,0.5,0.452778,1
Kyrgyzstan,KGZ,CIS,Developing,Asia,Europe & Central Asia,49.637153,13.434494,7.848668,14.37497,1.86791,12.111111,0.710033,0.639192,0.481183,0,1,0,0.773577,0.89783,0.340086,0,0.224609,0.408929,0,0,0,0,1,1,0,1
Lao,LAO,ASP,Developing,Asia,East Asia & Pacific,20.344446,11.770066,3.26644,0,1.233867,4.074074,0.70178,0.492303,0.537767,0,0,0,0,0,0,0,0,0.408929,0,0,0,0,0,1,0,0
Latvia,LVA,EUR,Developed,Europe,Europe & Central Asia,97.280527,20,19.206468,18.981411,19.092648,20,1,1,1,0.837687,1,1,0.893103,1,1,1,0.678571,1,1,1,1,1,1,1,1,1
Lebanon,LBN,ARB,Developing,Asia,Middle East & North Africa,30.438605,10.239298,3.267078,5.6874,8.257174,2.987654,0.624696,0.416228,0.12037,0,0.514815,0,0.287465,0.477646,0,0.767641,0.083147,0.408929,0,1,0,0,0,0.733333,0,0
Lesotho,LSO,AFR,Developing,Africa,Sub-Saharan Africa,9.079118,7.817333,0,0,1.261786,0,0,0.72281,0,0,0,0,0,0,0,0,0.446987,0,0,0,0,0,0,0,0,0
Liberia,LBR,AFR,Developing,Africa,Sub-Saharan Africa,9.724174,2.31424,4.111111,0,1.261786,2.037037,0,0.21398,0,0,0,1,0,0,0,0,0.446987,0,0,0,0,0,0,0.5,0,0
Libya,LBY,ARB,Developing,Africa,Middle East & North Africa,28.780504,3.728243,8.543874,3.128408,5.342941,8.037037,0,0.344723,0.595638,0,1,0,0,0.506837,0,0.767641,0.157366,0.204464,0.375,0,0,0,1,0,0,1
Liechtenstein,LIE,EUR,Developed,Europe,Europe & Central Asia,35.153996,9.042337,4.925926,0,9.335189,11.850544,0.494376,0.416228,0,0,1,0,0,0,0,0.767641,0.074219,0.408929,0.375,1,0,0.855538,1,1,0,0
Lithuania,LTU,EUR,Developed,Europe,Europe & Central Asia,97.927456,20,19.539945,18.981411,20,19.4061,1,1,0.924259,1,1,1,0.893103,1,1,1,1,1,1,1,1,0.855538,1,1,1,1
Luxembourg,LUX,EUR,Developed,Europe,Europe & Central Asia,97.410093,20,19.539945,18.981411,19.482637,19.4061,1,1,0.924259,1,1,1,0.893103,1,1,0.875054,1,1,1,1,1,0.855538,1,1,1,1
Madagascar,MDG,AFR,Developing,Africa,Sub-Saharan Africa,23.325956,8.962875,4.111111,3.000587,3.473605,3.777778,0.564911,0.348979,0,0,0,1,0.106897,0.321106,0,0.540909,0,0.408929,0,0,0,0,0,0,0,1
Malawi,MWI,AFR,Developing,Africa,Sub-Saharan Africa,36.829551,10.980649,5.917086,8.3969,5.998533,5.536383,0.52231,0.571727,0.297325,0,0,1,0.365815,0.79566,0,0.226732,0.076451,0.408929,0,1,0,0.427769,0,0,0,1
Malaysia,MYS,ASP,Developing,Asia,East Asia & Pacific,98.061301,20,19.07989,18.981411,20,20,1,1,0.848519,1,1,1,0.893103,1,1,1,1,1,1,1,1,1,1,1,1,1
Maldives,MDV,ASP,Developing,Asia,South Asia,2.948227,0,0,2.948227,0,0,0,0,0,0,0,0,0,0.477646,0,0,0,0,0,0,0,0,0,0,0,0
Mali,MLI,AFR,Developing,Africa,Sub-Saharan Africa,10.144677,5.885417,0,0,0,4.259259,0.229851,0.348979,0,0,0,0,0,0,0,0,0,0,0,0,0,0,1,0,0,0
Malta,MLT,EUR,Developed,Europe,Middle East & North Africa,83.647748,20,15.591352,13.408478,18.759029,15.888889,1,1,0.542054,0.667194,1,1,0.672148,0.89783,0.340086,1,0.889788,1,0.683929,1,1,0,1,1,1,1
Marshall Islands,MHL,ASP,Developing,Oceania,East Asia & Pacific,4.90164,0.827566,0,0,0,4.074074,0.090102,0,0,0,0,0,0,0,0,0,0,0,0,0,0,0,0,1,0,0
Mauritania,MRT,ARB,Developing,Africa,Sub-Saharan Africa,18.940263,12.550392,0,6.389871,0,0,0.876317,0.416228,0,0,0,0,0.67059,0,0,0,0,0,0,0,0,0,0,0,0,0
Mauritius,MUS,AFR,Developing,Africa,Sub-Saharan Africa,96.89257,19.272684,20,18.381765,19.535072,19.70305,1,0.932751,1,1,1,1,0.972712,1,0.684052,1,1,1,0.841964,1,1,0.927769,1,1,1,1
Mexico,MEX,AMS,Developing,Americas,Latin America & Caribbean,81.682094,15.61116,17.900647,14.701432,16.130039,17.338816,0.763917,0.79469,0.788076,0.833886,1,1,0.786207,0.711177,0.656034,0.821347,0.844866,0.408929,0.691071,1,1,0.855538,1,1,0.452778,1
Micronesia,FSM,ASP,Developing,Oceania,East Asia & Pacific,0,0,0,0,0,0,0,0,0,0,0,0,0,0,0,0,0,0,0,0,0,0,0,0,0,0
Moldova,MDA,EUR,Developed,Europe,Europe & Central Asia,75.779101,16.727901,16.859547,13.210646,13.092118,15.888889,0.722935,0.932751,0.744259,0.675373,1,1,0.949333,0.437872,0.340086,0.174946,0.851563,0.591071,0.375,1,1,0,1,1,1,1
Monaco,MCO,EUR,Developed,Europe,Europe & Central Asia,72.56989,16.003797,12.772197,12.701293,13.753714,17.338889,0.564911,1,0.614935,0,1,1,0.366397,0.79566,1,0.767641,0.402344,1,0.375,1,0.492857,1,1,0.766667,0.547222,1
Mongolia,MNG,ASP,Developing,Asia,East Asia & Pacific,26.203541,9.003301,6.019259,3.128408,1.233867,6.818706,0.624696,0.301945,0.18,0,1,0,0,0.506837,0,0,0,0.408929,0,0,0,0.667613,0,1,0,0
Montenegro,MNE,EUR,Developed,Europe,Europe & Central Asia,53.234702,14.608358,7.479139,11.99623,3.178564,15.97241,0.820486,0.653928,0.554492,0,0,1,0.809961,0.233532,0.659914,0.767641,0,0,0,0,0,0.667613,1,0.766667,0.547222,1
Morocco,MAR,ARB,Developing,Africa,Middle East & North Africa,82.407896,18.404735,17.942307,12.370352,15.235019,18.455482,0.826315,1,0.794935,0.833886,1,1,0.331666,0.79566,1,0.767641,0.606585,0.408929,0.691071,1,1,0.855538,1,0.766667,1,1
Mozambique,MOZ,AFR,Developing,Africa,Sub-Saharan Africa,24.181376,7.455172,8.187888,4.62187,3.916447,0,0.639497,0.146231,0,0.833886,0,1,0.308007,0.273306,0,0.592695,0.080915,0.408929,0,0,0,0,0,0,0,0
Myanmar,MMR,ASP,Developing,Asia,East Asia & Pacific,36.412827,9.391148,3.636175,4.713793,8.92418,9.747531,0.929465,0.078982,0.598639,0,0,0,0.166379,0.506837,0,0.767641,0.602121,0.408929,0.375,0,0.492857,0,1,0,0.452778,1
Namibia,NAM,AFR,Developing,Africa,Sub-Saharan Africa,11.474815,2.841432,0,0,2.337086,6.296296,0.176767,0.112606,0,0,0,0,0,0,0,0,0,0.408929,0.375,0,0,0,1,0.5,0,0
Nauru,NRU,ASP,Developing,Oceania,East Asia & Pacific,21.424014,9.912116,0,0,3.178564,8.333333,1,0.067249,0,0,0,0,0,0,0,0.767641,0,0,0,0,0,0,1,1,0,0
Nepal,NPL,ASP,Developing,Asia,South Asia,44.991709,15.612509,5.943124,9.579649,9.597169,4.259259,0.52231,1,0.301612,0,0,1,0.355421,0.766468,0.340086,0.767641,0.446987,0.204464,0.316071,1,0,0,1,0,0,0
Netherlands,NLD,EUR,Developed,Europe,Europe & Central Asia,97.045902,20,19.837264,18.981411,18.821127,19.4061,1,1,0.973208,1,1,1,0.893103,1,1,0.821347,1,0.854464,1,1,1,0.855538,1,1,1,1
New Zealand,NZL,ASP,Developed,Oceania,East Asia & Pacific,84.03877,19.238813,14.191001,17.270625,17.710009,15.628322,1,0.929619,0.848519,0,1,1,0.864838,0.766468,1,0.767641,0.851563,1,0.691071,1,1,0.855538,1,1,0,1
Nicaragua,NIC,AMS,Developing,Americas,Latin America & Caribbean,9.000721,4.741462,0,0,0,4.259259,0.105303,0.348979,0,0,0,0,0,0,0,0,0,0,0,0,0,0,1,0,0,0
Niger,NER,AFR,Developing,Africa,Sub-Saharan Africa,11.360984,5.867858,0,0,1.233867,4.259259,0,0.542557,0,0,0,0,0,0,0,0,0,0.408929,0,0,0,0,1,0,0,0
Nigeria,NGA,AFR,Developing,Africa,Sub-Saharan Africa,84.757497,20,17.085707,18.981411,12.20681,16.483569,1,1,0.788076,0.667194,1,1,0.893103,1,1,0.767641,0.769531,0.408929,0.683929,1,0,0.855538,1,1,0.226389,1
Norway,NOR,EUR,Developed,Europe,Europe & Central Asia,96.887338,20,18.862417,18.981411,19.04351,20,1,1,0.946416,0.833886,1,1,0.893103,1,1,0.875054,1,0.854464,1,1,1,1,1,1,1,1
Oman,OMN,ARB,Developing,Asia,Middle East & North Africa,96.041545,20,16.635446,20,20,19.4061,1,1,0.848519,0.5,1,1,1,1,1,1,1,1,1,1,1,0.855538,1,1,1,1
Pakistan,PAK,ASP,Developing,Asia,South Asia,64.875137,15.969196,12.255997,11.013423,17.254422,8.382099,1,0.627302,0.598639,1,0.757407,0,0.199436,1,0.684052,0.767641,1,0.408929,1,1,1,0.5,1,0,0.547222,0
Panama,PAN,AMS,Developing,Americas,Latin America & Caribbean,34.109542,10.414294,10.943128,2.368119,6.124742,4.259259,0.722935,0.348979,0.652222,0,1,0.5,0.248524,0,0,0.767641,0.606585,0.408929,0,0,0,0,1,0,0,0
Papua New Guinea,PNG,ASP,Developing,Oceania,East Asia & Pacific,26.329319,9.264262,2.17571,0,7.298063,7.591285,0.929465,0.067249,0.358196,0,0,0,0,0,0,0.592695,0,0.408929,0,1,0,0.855538,0,1,0,0
Paraguay,PRY,AMS,Developing,Americas,Latin America & Caribbean,57.085347,14.152472,10.943128,13.05582,6.79257,12.141358,0.52231,0.865001,0.652222,0,1,0.5,0.554877,0.562128,1,0.767641,0.521205,0.408929,0.308929,0,0,0,1,0.5,0.547222,1
Peru,PER,AMS,Developing,Americas,Latin America & Caribbean,55.674994,20,11.579879,5.630084,5.319782,13.14525,1,1,0.418639,0,1,1,0.226724,0.562128,0,0.767641,0.321429,0.408929,0,0,0,0.667613,1,1,0.547222,0
Philippines,PHL,ASP,Developing,Asia,East Asia & Pacific,76.995868,20,12.998683,11.851417,12.739668,19.4061,1,1,0.652222,0,1,1,0.453448,1,0.315948,0.592695,0.602121,0.408929,0.691071,1,0.492857,0.855538,1,1,1,1
Poland,POL,EUR,Developed,Europe,Europe & Central Asia,93.856066,19.352146,20,14.738635,19.765286,20,0.929465,1,1,1,1,1,0.786207,0.477646,1,1,0.916853,1,1,1,1,1,1,1,1,1
Portugal,PRT,EUR,Developed,Europe,Europe & Central Asia,97.324682,20,20,18.981411,18.343271,20,1,1,1,1,1,1,0.893103,1,1,0.875054,0.925781,1,0.683929,1,1,1,1,1,1,1
Qatar,QAT,ARB,Developing,Asia,Middle East & North Africa,94.502914,20,16.635446,18.461369,20,19.4061,1,1,0.848519,0.5,1,1,0.838527,1,1,1,1,1,1,1,1,0.855538,1,1,1,1
Republic of Korea,KOR,ASP,Developing,Asia,East Asia & Pacific,98.521356,20,19.539945,18.981411,20,20,1,1,0.924259,1,1,1,0.893103,1,1,1,1,1,1,1,1,1,1,1,1,1
Romania,ROU,EUR,Developed,Europe,Europe & Central Asia,76.294555,18.599325,18.399535,6.416588,12.879107,20,0.847501,1,0.870676,0.833308,1,1,0.309264,0.562128,0,0.767641,0.402344,0.408929,0.683929,1,0.492857,1,1,1,1,1
Russian Federation,RUS,CIS,Developed,Europe,Europe & Central Asia,98.061301,20,19.07989,18.981411,20,20,1,1,0.848519,1,1,1,0.893103,1,1,1,1,1,1,1,1,1,1,1,1,1
Rwanda,RWA,AFR,Developing,Africa,Sub-Saharan Africa,79.951732,20,12.998683,16.829043,16.302401,13.821605,1,1,0.652222,0,1,1,0.799587,0.79566,1,0.892587,0.808873,0.408929,0.683929,1,1,0,1,1,0.452778,1
Saint Kitts and Nevis,KNA,AMS,Developing,Americas,Latin America & Caribbean,12.441481,5.003657,0,0,3.178564,4.259259,0.451774,0.078982,0,0,0,0,0,0,0,0.767641,0,0,0,0,0,0,1,0,0,0
Saint Lucia,LCA,AMS,Developing,Americas,Latin America & Caribbean,10.955515,6.696255,0,0,0,4.259259,0.278538,0.382604,0,0,0,0,0,0,0,0,0,0,0,0,0,0,1,0,0,0
Saint Vincent and the Grenadines,VCT,AMS,Developing,Americas,Latin America & Caribbean,12.179875,10.946008,0,0,1.233867,0,0.929465,0.222748,0,0,0,0,0,0,0,0,0,0.408929,0,0,0,0,0,0,0,0
Samoa,WSM,ASP,Developing,Oceania,East Asia & Pacific,29.326892,11.151401,0.731139,13.370278,0,4.074074,0.929465,0.241739,0.12037,0,0,0,0.755385,1,0,0,0,0,0,0,0,0,0,1,0,0
San Marino,SMR,EUR,Developed,Europe,Europe & Central Asia,13.831603,3.774278,0,1.686955,0,8.37037,0,0.348979,0,0,0,0,0,0.273306,0,0,0,0,0,0,0,1,1,0,0,0
Sao Tome and Principe,STP,AFR,Developing,Africa,Sub-Saharan Africa,15.638548,9.937836,0,1.441453,0,4.259259,0.764063,0.269997,0,0,0,0,0,0.233532,0,0,0,0,0,0,0,0,1,0,0,0
Saudi Arabia,SAU,ARB,Developing,Asia,Middle East & North Africa,99.539945,20,19.539945,20,20,20,1,1,0.924259,1,1,1,1,1,1,1,1,1,1,1,1,1,1,1,1,1
Senegal,SEN,AFR,Developing,Africa,Sub-Saharan Africa,35.853271,7.818766,10.499314,6.662069,4.576825,6.296296,0.440346,0.348979,0.240741,0,1,1,0.699156,0,0,0.540909,0,0.408929,0.375,0,0,0,1,0.5,0,0
Serbia,SRB,EUR,Developed,Europe,Europe & Central Asia,89.803109,19.097688,18.993278,18.671965,14.661857,18.378322,0.90176,1,0.834259,1,1,1,0.860628,1,1,0.767641,1,1,0.691071,1,0,0.605538,1,1,1,1
Seychelles,SYC,AFR,Developing,Africa,Sub-Saharan Africa,13.233544,7.73009,0,1.441453,1.233867,2.828134,0.541257,0.255081,0,0,0,0,0,0.233532,0,0,0,0.408929,0,0,0,0.687924,0,0,0,0
Sierra Leone,SLE,AFR,Developing,Africa,Sub-Saharan Africa,25.314661,6.543506,4.111111,8.161046,2.239738,4.259259,0.5,0.180404,0,0,0,1,0.341063,0.79566,0,0.540909,0,0,0,0,0,0,1,0,0,0
Singapore,SGP,ASP,Developing,Asia,East Asia & Pacific,98.521356,20,19.539945,18.981411,20,20,1,1,0.924259,1,1,1,0.893103,1,1,1,1,1,1,1,1,1,1,1,1,1
Slovakia,SVK,EUR,Developed,Europe,Europe & Central Asia,92.356339,20,20,18.641786,17.492331,16.222222,1,1,1,1,1,1,1,1,0.684052,0.875054,0.928013,0.708929,0.691071,1,1,1,1,1,0,1
Slovenia,SVN,EUR,Developed,Europe,Europe & Central Asia,74.925946,20,11.377456,13.713093,17.724286,12.111111,1,1,0.924259,0.337976,0,1,0.495395,1,0.656034,0.875054,1,1,1,1,0.492857,0,1,1,0,1
Solomon Islands,SLB,ASP,Developing,Oceania,East Asia & Pacific,7.076778,3.002704,0,0,0,4.074074,0.326921,0,0,0,0,0,0,0,0,0,0,0,0,0,0,0,0,1,0,0
Somalia,SOM,ARB,Developing,Africa,Sub-Saharan Africa,17.253387,0,3.250817,6.172414,1.515341,6.314815,0,0,0.535195,0,0,0,0,1,0,0.365963,0,0,0,0,0,0.5,1,0,0,0
South Africa,ZAF,AFR,Developing,Africa,Sub-Saharan Africa,78.462935,16.822053,15.845091,12.495042,15.368033,17.932716,0.819749,0.859238,0.788076,0.833886,1,0.5,0.365815,1,0.659914,0.875054,0.770647,1,1,1,0,1,1,1,0.452778,1
South Sudan,SSD,AFR,Developing,Africa,Sub-Saharan Africa,5.753727,2.63027,0,0,0,3.123457,0.286372,0,0,0,0,0,0,0,0,0,0,0,0,0,0,0,0,0.766667,0,0
Spain,ESP,EUR,Developed,Europe,Europe & Central Asia,98.521356,20,19.539945,18.981411,20,20,1,1,0.924259,1,1,1,0.893103,1,1,1,1,1,1,1,1,1,1,1,1,1
Sri Lanka,LKA,ASP,Developing,Asia,South Asia,58.646473,13.047396,14.153964,14.821874,6.579411,10.043827,0.722935,0.592442,0.848519,1,0,1,0.786207,0.711177,0.684052,0.767641,0.446987,0.708929,0,0,0,0,1,1,0.452778,0
State of Palestine,PSE,ARB,Developing,Asia,Middle East & North Africa,25.182271,9.016087,11.363766,2.341469,2.46095,0,0.646875,0.284291,0.383059,0,1,1,0.113362,0.20434,0,0.296347,0,0.408929,0,0,0,0,0,0,0,0
Sudan,SDN,ARB,Developing,Africa,Sub-Saharan Africa,35.030977,12.427966,13.81297,5.408269,3.381773,0,0.918036,0.369479,0.791934,0.833886,1,0,0.106897,0.711177,0,0.767641,0.071987,0,0,0,0,0,0,0,0,0
Suriname,SUR,AMS,Developing,Americas,Latin America & Caribbean,31.201212,11.134907,7.036457,1.686955,7.083634,4.259259,0.839478,0.316635,0.481612,0,0,1,0,0.273306,0,0.540909,0,0.408929,0,1,0,0,1,0,0,0
Sweden,SWE,EUR,Developed,Europe,Europe & Central Asia,94.58777,20,18.862417,18.461369,19.568378,17.695606,1,1,0.946416,0.833886,1,1,0.838527,1,1,1,0.847098,1,1,1,1,0.855538,1,1,0.547222,1
Switzerland,CHE,EUR,Developed,Europe,Europe & Central Asia,86.966148,13.624955,18.847342,17.396027,17.691725,19.4061,0.90176,0.493978,0.810233,1,1,1,0.726724,1,1,0.767641,1,0.704464,0.845536,1,1,0.855538,1,1,1,1
Syrian Arab Republic,SYR,ARB,Developing,Asia,Middle East & North Africa,22.142123,9.804229,7.851272,4.486623,0,0,0.639497,0.363431,0.481612,0,1,0,0,0.506837,0.315948,0,0,0,0,0,0,0,0,0,0,0
Tajikistan,TJK,CIS,Developing,Asia,Europe & Central Asia,17.099252,10.219984,0,5.630084,1.249184,0,0.70178,0.348979,0,0,0,0,0.226724,0.562128,0,0,0.442522,0,0,0,0,0,0,0,0,0
Tanzania,TZA,AFR,Developing,Africa,Sub-Saharan Africa,90.580128,18.539963,18.307765,16.604608,17.721694,19.4061,1,0.865001,0.848519,0.842065,1,1,0.786207,1,0.684052,0.767641,0.844866,0.708929,1,1,1,0.855538,1,1,1,1
Thailand,THA,ASP,Developing,Asia,East Asia & Pacific,86.498829,19.11098,15.574681,17.63895,16.835402,17.338816,1,0.917799,0.870676,0.675951,1,0.5,0.894757,1,0.684052,0.767641,0.851563,0.408929,1,1,1,0.855538,1,1,0.452778,1
The Republic of North Macedonia,MKD,EUR,Developed,Europe,Europe & Central Asia,89.92061,20,12.365405,18.981411,18.573795,20,1,1,0.547963,0,1,1,0.893103,1,1,0.875054,1,1,0.691071,1,1,1,1,1,1,1
Timor-Leste,TLS,ASP,Developing,Asia,East Asia & Pacific,4.259259,0,0,0,0,4.259259,0,0,0,0,0,0,0,0,0,0,0,0,0,0,0,0,1,0,0,0
Togo,TGO,AFR,Developing,Africa,Sub-Saharan Africa,33.190201,19.191832,4.904145,3.605953,0,5.488272,1,0.925275,0.598639,0,0.257407,0,0.201391,0.273306,0,0,0,0,0,0,0,0,0,0,0.452778,1
Tonga,TON,ASP,Developing,Oceania,East Asia & Pacific,20.952154,2.63027,3.269043,1.686955,1.515341,11.850544,0.286372,0,0.538196,0,0,0,0,0.273306,0,0.365963,0,0,0,0,0,0.855538,1,1,0,0
Trinidad and Tobago,TTO,AMS,Developing,Americas,Latin America & Caribbean,22.180296,7.938401,7.377551,3.176311,3.688034,0,0.546373,0.269997,0.537767,0,0,1,0.33334,0,0,0.592695,0,0.408929,0,0,0,0,0,0,0,0
Tunisia,TUN,ARB,Developing,Africa,Middle East & North Africa,86.22722,20,19.539945,12.214575,16.955489,17.517211,1,1,0.924259,1,1,1,0.338132,1,0.656034,0.540909,0.916853,1,0.691071,1,1,0.855538,1,1,1,0.5
Turkey,TUR,EUR,Developing,Asia,Europe & Central Asia,97.502767,20,19.539945,17.962822,20,20,1,1,0.924259,1,1,1,0.786207,1,1,1,1,1,1,1,1,1,1,1,1,1
Turkmenistan,TKM,CIS,Developing,Asia,Europe & Central Asia,14.479244,10.219984,0,0,0,4.259259,0.70178,0.348979,0,0,0,0,0,0,0,0,0,0,0,0,0,0,1,0,0,0
Tuvalu,TUV,ASP,Developing,Oceania,East Asia & Pacific,5.782894,0,0,0,1.70882,4.074074,0,0,0,0,0,0,0,0,0,0,0,0,0,0,0.492857,0,0,1,0,0
Uganda,UGA,AFR,Developing,Africa,Sub-Saharan Africa,69.981045,15.642988,14.191001,13.653118,10.865615,15.628322,0.78817,0.777037,0.848519,0,1,1,0.333922,1,1,0.779221,0.916853,0.408929,0.683929,0.5,0,0.855538,1,1,0,1
Ukraine,UKR,EUR,Developed,Europe,Europe & Central Asia,65.929184,17.455217,11.598605,13.0625,10.941874,12.870988,0.722935,1,0.554492,0.675951,1,0,0.559483,0.79566,0.656034,0.767641,0.321429,0.408929,0.683929,1,0,0,1,0.766667,0.452778,1
United Arab Emirates,ARE,ARB,Developing,Asia,Middle East & North Africa,98.061301,20,19.07989,18.981411,20,20,1,1,0.848519,1,1,1,0.893103,1,1,1,1,1,1,1,1,1,1,1,1,1
United Kingdom,GBR,EUR,Developed,Europe,Europe & Central Asia,99.539945,20,19.539945,20,20,20,1,1,0.924259,1,1,1,1,1,1,1,1,1,1,1,1,1,1,1,1,1
United States of America,USA,AMS,Developed,Americas,North America,100,20,20,20,20,20,1,1,1,1,1,1,1,1,1,1,1,1,1,1,1,1,1,1,1,1
Uruguay,URY,AMS,Developing,Americas,Latin America & Caribbean,75.154032,13.904612,18.267778,12.128955,19.037872,11.814815,0.507099,0.855001,0.848519,0.833886,1,1,0.306333,0.79566,1,0.767641,1,1,1,1,1,0,1,0,1,1
Uzbekistan,UZB,CIS,Developing,Asia,Europe & Central Asia,71.113093,19.272684,12.555638,10.046601,15.677132,13.561038,1,0.932751,0.924259,0.578967,0,1,0.213793,0.711177,0.842026,0.767641,0.770647,0.408929,0.683929,1,1,0.855538,1,1,0.452778,0
Vanuatu,VUT,ASP,Developing,Oceania,East Asia & Pacific,12.88445,3.686439,2.17571,2.948227,0,4.074074,0.083438,0.269997,0.358196,0,0,0,0,0.477646,0,0,0,0,0,0,0,0,0,1,0,0
Vatican,VAT,EUR,Developed,Europe,Europe & Central Asia,0,0,0,0,0,0,0,0,0,0,0,0,0,0,0,0,0,0,0,0,0,0,0,0,0,0
Venezuela,VEN,AMS,Developing,Americas,Latin America & Caribbean,27.058049,8.800601,7.672603,6.172414,4.412431,0,0.706206,0.21398,0.301612,0.675951,0.514815,0,0,1,0,0.767641,0,0.408929,0,0,0,0,0,0,0,0
Viet Nam,VNM,ASP,Developing,Asia,East Asia & Pacific,94.55164,20,16.309975,18.981411,19.260255,20,1,1,0.794935,0.5,1,1,0.893103,1,1,0.821347,1,1,1,1,1,1,1,1,1,1
Yemen,YEM,ARB,Developing,Asia,Middle East & North Africa,0,0,0,0,0,0,0,0,0,0,0,0,0,0,0,0,0,0,0,0,0,0,0,0,0,0
Zambia,ZMB,AFR,Developing,Africa,Sub-Saharan Africa,68.876607,20,13.82387,15.856216,8.073681,11.12284,1,1,0.788076,0,1,1,0.894757,0.711177,0.684052,0.773268,0.446987,0,0,1,0,0,1,0.25,0.547222,1
Zimbabwe,ZWE,AFR,Developing,Africa,Sub-Saharan Africa,36.492904,16.734404,0,3.842232,5.515651,10.400617,1,0.698055,0,0,0,0,0.248524,0.238823,0,0.767641,0,0.408929,0.375,0,0,0,1,1,0.547222,0
